,danceability
0,Talk that Talk
1,Queen of Hearts
2,Basics
3,Trouble
4,Brave
5,Gone
6,When We Were Kids
7,Talk that Talk
8,Queen of Hearts
9,Basics
10,Trouble
11,Brave
12,Gone
13,When We Were Kids
14,Celebrate
15,Voices of Delight
16,TICK TOCK
17,Flow like waves
18,That's all I'm saying
19,Bitter Sweet
20,Sandcastle
21,Just be yourself
22,Doughnut
23,Celebrate
24,Voices of Delight
25,TICK TOCK
26,Flow like waves
27,That's all I'm saying
28,Bitter Sweet
29,Sandcastle
30,Just be yourself
31,Doughnut
32,SCIENTIST
33,MOONLIGHT
34,ICON
35,CRUEL
36,REAL YOU
37,F.I.L.A (Fall In Love Again)
38,LAST WALTZ
39,ESPRESSO
40,REWIND
41,CACTUS
42,PUSH & PULL (JIHYO, SANA, DAHYUN)
43,HELLO (NAYEON, MOMO, CHAEYOUNG)
44,1, 3, 2 (JEONGYEON, MINA, TZUYU)
45,CANDY
46,The Feels
47,SCIENTIST - R3HAB Remix
48,SCIENTIST
49,MOONLIGHT
50,ICON
51,CRUEL
52,REAL YOU
53,F.I.L.A (Fall In Love Again)
54,LAST WALTZ
55,ESPRESSO
56,알고 싶지 않아 (REWIND)
57,선인장 (CACTUS)
58,PUSH & PULL (JIHYO, SANA, DAHYUN)
59,HELLO (NAYEON, MOMO, CHAEYOUNG)
60,1, 3, 2 (JEONGYEON, MINA, TZUYU)
61,CANDY
62,The Feels
63,SCIENTIST (R3HAB Remix)
64,SCIENTIST
65,MOONLIGHT
66,ICON
67,CRUEL
68,REAL YOU
69,F.I.L.A (Fall In Love Again)
70,LAST WALTZ
71,ESPRESSO
72,REWIND
73,CACTUS
74,PUSH & PULL (JIHYO, SANA, DAHYUN)
75,HELLO (NAYEON, MOMO, CHAEYOUNG)
76,1, 3, 2 (JEONGYEON, MINA, TZUYU)
77,CANDY
78,The Feels
79,SCIENTIST (R3HAB Remix)
80,Perfect World
81,BETTER
82,Good at Love
83,Fanfare
84,Kura Kura
85,Four-leaf Clover
86,In the summer
87,PIECES OF LOVE
88,Thank you, Family
89,PROMISE
90,Perfect World
91,BETTER
92,Good at Love
93,Fanfare
94,Kura Kura
95,Four-leaf Clover
96,In the summer
97,PIECES OF LOVE
98,Thank you, Family
99,PROMISE
100,I CAN'T STOP ME
101,HELL IN HEAVEN
102,UP NO MORE
103,DO WHAT WE LIKE
104,BRING IT BACK
105,BELIEVER
106,QUEEN
107,GO HARD
108,SHOT CLOCK
109,HANDLE IT
110,DEPEND ON YOU
111,SAY SOMETHING
112,BEHIND THE MASK
113,I CAN'T STOP ME
114,HELL IN HEAVEN
115,UP NO MORE
116,DO WHAT WE LIKE
117,BRING IT BACK
118,BELIEVER
119,QUEEN
120,GO HARD
121,SHOT CLOCK
122,HANDLE IT
123,DEPEND ON YOU
124,SAY SOMETHING
125,BEHIND THE MASK
126,MORE & MORE
127,OXYGEN
128,FIREWORK
129,MAKE ME GO
130,SHADOW
131,DON'T CALL ME AGAIN
132,SWEET SUMMER DAY
133,MORE & MORE
134,OXYGEN
135,FIREWORK
136,MAKE ME GO
137,SHADOW
138,DON’T CALL ME AGAIN
139,SWEET SUMMER DAY
140,SWING
141,Fake & True
142,Stronger
143,Breakthrough
144,Changing!
145,HAPPY HAPPY
146,What You Waiting For
147,Be OK
148,POLISH
149,How u doin'
150,The Reason Why
151,SWING
152,Fake & True
153,Stronger
154,Breakthrough
155,Changing!
156,HAPPY HAPPY
157,What You Waiting For
158,Be OK
159,POLISH
160,How u doin'
161,The Reason Why
162,Fake & True
163,Stronger
164,Breakthrough
165,Changing!
166,HAPPY HAPPY
167,What You Waiting For
168,Be OK
169,POLISH
170,How u doin'
171,The Reason Why
172,Fake & True
173,Stronger
174,Breakthrough
175,Changing!
176,HAPPY HAPPY
177,What You Waiting For
178,Be OK
179,POLISH
180,How u doin'
181,The Reason Why
182,Feel Special
183,RAINBOW
184,GET LOUD
185,TRICK IT
186,LOVE FOOLISH
187,21:29
188,BREAKTHROUGH - Korean Ver.
189,Feel Special
190,RAINBOW
191,GET LOUD
192,TRICK IT
193,LOVE FOOLISH
194,21:29
195,BREAKTHROUGH (Korean Version)
196,STAY BY MY SIDE
197,BDZ
198,One More Time
199,Candy Pop
200,L.O.V.E
201,Wishing
202,Say it again
203,Wake Me Up
204,BRAND NEW GIRL
205,Be as ONE
206,I WANT YOU BACK
207,The Best Thing I Ever Did
208,Be as ONE - Korean Ver.
209,YES or YES
210,SAY YOU LOVE ME
211,LALALA
212,YOUNG & WILD
213,SUNSET
214,AFTER MOON
215,BDZ - Korean Ver.
216,The Best Thing I Ever Did
217,Be as ONE (Korean Version)
218,YES or YES
219,SAY YOU LOVE ME
220,LALALA
221,YOUNG & WILD
222,SUNSET
223,AFTER MOON
224,BDZ (Korean Version)
225,YES or YES
226,SAY YOU LOVE ME
227,LALALA
228,YOUNG & WILD
229,SUNSET
230,AFTER MOON
231,BDZ - Korean Ver.
232,YES or YES
233,SAY YOU LOVE ME
234,LALALA
235,YOUNG & WILD
236,SUNSET
237,AFTER MOON
238,BDZ
239,BDZ
240,One More Time
241,Candy Pop
242,L.O.V.E
243,Wishing
244,Say it again
245,Wake Me Up
246,BRAND NEW GIRL
247,Be as ONE
248,I WANT YOU BACK
249,Dance The Night Away
250,CHILLAX
251,Shot thru the heart
252,What is Love?
253,SWEET TALKER
254,HO!
255,DEJAVU
256,SAY YES
257,STUCK
258,Dance The Night Away
259,CHILLAX
260,Shot Thru The Heart
261,What is Love
262,SWEET TALKER
263,HO!
264,DEJAVU
265,SAY YES
266,STUCK
267,Heart Shaker
268,Merry & Happy
269,LIKEY
270,TURTLE
271,MISSING U
272,WOW
273,FFW
274,DING DONG
275,24/7
276,LOOK AT ME
277,ROLLIN'
278,LOVE LINE
279,DON'T GIVE UP
280,YOU IN MY HEART
281,JALJAYO GOOD NIGHT
282,Heart Shaker
283,Merry & Happy
284,Likey
285,Turtle
286,Missing U
287,Wow
288,Ffw
289,Ding Dong
290,24/7
291,Look At Me
292,Rollin'
293,Love Line
294,Don't Give Up
295,You In My Heart
296,Jaljayo Good Night
297,Heart Shaker
298,Merry & Happy
299,LIKEY
300,거북이 / TURTLE
301,MISSING U
302,WOW
303,FFW
304,DING DONG
305,24/7
306,날 바라바라봐 / LOOK AT ME
307,ROLLIN’
308,LOVE LINE
309,힘내! (DON’T GIVE UP) / DON’T GIVE UP
310,널 내게 담아 / YOU IN MY HEART
311,잘자요 굿나잇 / JALJAYO GOOD NIGHT
312,LIKEY
313,TURTLE
314,MISSING U
315,WOW
316,FFW
317,DING DONG
318,24/7
319,LOOK AT ME
320,ROLLIN'
321,LOVE LINE
322,DON'T GIVE UP
323,YOU IN MY HEART
324,JALJAYO GOOD NIGHT
325,LIKEY
326,거북이 / TURTLE
327,MISSING U
328,WOW
329,FFW
330,DING DONG
331,24/7
332,날 바라바라봐 / LOOK AT ME
333,ROLLIN’
334,LOVE LINE
335,힘내! (DON’T GIVE UP) / DON’T GIVE UP
336,널 내게 담아 / YOU IN MY HEART
337,잘자요 굿나잇 / JALJAYO GOOD NIGHT
338,Likey
339,Turtle
340,Missing U
341,Wow
342,Ffw
343,Ding Dong
344,24/7
345,Look At Me
346,Rollin'
347,Love Line
348,Don't Give Up
349,You In My Heart
350,Jaljayo Good Night
351,TT
352,1 TO 10
353,PONYTAIL
354,JELLY JELLY
355,PIT-A-PAT
356,NEXT PAGE
357,ONE IN A MILLION
358,KNOCK KNOCK
359,Ice Cream
360,TT
361,1 TO 10
362,PONYTAIL
363,JELLY JELLY
364,PIT-A-PAT
365,NEXT PAGE
366,ONE IN A MILLION
367,Knock Knock
368,Ice Cream
369,TT
370,1 To 10
371,Ponytail
372,Jelly Jelly
373,Pit-a-Pat
374,Next Page
375,One In A Million
376,TT
377,1 To 10
378,Ponytail
379,Jelly Jelly
380,Pit-a-Pat
381,Next Page
382,One In A Million
383,Talk that Talk
384,Queen of Hearts
385,Basics
386,Trouble
387,Brave
388,Gone
389,When We Were Kids
390,Celebrate
391,Just be yourself
392,I CAN'T STOP ME - Japanese ver.
393,CRY FOR ME - Japanese ver.
394,Alcohol-Free - Japanese ver.
395,SCIENTIST - Japanese ver.
396,SCIENTIST - Japanese ver.
397,The Feels (Benny Benassi Remix)
398,The Feels
399,The Feels (The Stereotypes Remix)
400,The Feels (YVES V Remix)
401,The Feels (Instrumental)
402,The Feels (Benny Benassi Remix Extended)
403,The Feels (The Stereotypes Remix Instrumental)
404,The Feels (YVES V Remix Instrumental)
405,The Feels (Benny Benassi Remix Instrumental)
406,Doughnut
407,Wonderful Day
408,Doughnut (Instrumental)
409,Wonderful Day (Instrumental)
410,Doughnut
411,Wonderful Day
412,Doughnut (Instrumental)
413,Wonderful Day (Instrumental)
414,Doughnut
415,The Feels - Benny Benassi Remix
416,The Feels
417,The Feels - The Stereotypes Remix
418,The Feels - YVES V Remix
419,The Feels - Instrumental
420,The Feels - Benny Benassi Remix Extended
421,The Feels - The Stereotypes Remix Instrumental
422,The Feels - YVES V Remix Instrumental
423,The Feels - Benny Benassi Remix Instrumental
424,The Feels (Benny Benassi Remix)
425,The Feels
426,The Feels (The Stereotypes Remix)
427,The Feels (YVES V Remix)
428,The Feels (Instrumental)
429,The Feels (Benny Benassi Remix Extended)
430,The Feels (The Stereotypes Remix – Instrumental)
431,The Feels (YVES V Remix – Instrumental)
432,The Feels (Benny Benassi Remix – Instrumental)
433,The Feels
434,The Feels - The Stereotypes Remix
435,The Feels - YVES V Remix
436,The Feels - Instrumental
437,The Feels - The Stereotypes Remix Instrumental
438,The Feels - YVES V Remix Instrumental
439,The Feels
440,The Feels (The Stereotypes Remix)
441,The Feels (YVES V Remix)
442,The Feels (Instrumental)
443,The Feels (The Stereotypes Remix Instrumental)
444,The Feels (YVES V Remix Instrumental)
